Cep,Logradouro,Bairro,Cidade,Uf
40130000,Avenida Sete de Setembro,Barra,Salvador,BA
40130001,Avenida Sete de Setembro,Barra,Salvador,BA
40130010,Rua Oscar Carrascosa,Barra,Salvador,BA
40130020,Rua Doutora Praguer Fróes,Barra,Salvador,BA
40130030,Avenida Princesa Isabel,Barra,Salvador,BA
40130040,Rua Comendador Bernardo Catarino,Barra,Salvador,BA
40130120,Avenida Brandão,Barra,Salvador,BA
40130125,Vila Brandão,Barra,Salvador,BA
40130150,Rua Raul Drumond,Barra,Salvador,BA
40130160,Rua Tenente Pires Ferreira,Barra,Salvador,BA
40130170,Rua Forte de São Diogo,Barra,Salvador,BA
40130190,Avenida Osório,Barra,Salvador,BA
40130200,Rua Presidente Kennedy,Barra,Salvador,BA
40130280,Rua Alberto Martins Catarino,Barra,Salvador,BA
40140000,Avenida Princesa Isabel,Barra,Salvador,BA
40140005,Avenida Princesa Leopoldina,Barra,Salvador,BA
40140020,Alameda Antunes,Barra,Salvador,BA
40140030,Rua César Zama,Barra,Salvador,BA
40140040,Rua Barão de Sergy,Barra,Salvador,BA
40140050,Vila Campos,Barra,Salvador,BA
40140060,Rua Barão de Itapoã,Barra,Salvador,BA
40140070,Rua Lord Cochrane,Barra,Salvador,BA
40140080,Rua Afonso Celso,Barra,Salvador,BA
40140090,Rua Professor Lemos Brito,Barra,Salvador,BA
40140100,Rua Engenheiro Milton Oliveira,Barra,Salvador,BA
40140110,Avenida Sete de Setembro,Barra,Salvador,BA
40140130,Avenida Oceânica,Barra,Salvador,BA
40140140,Rua Alfredo Magalhães,Barra,Salvador,BA
40140141,Rua Alfredo Brito,Barra,Salvador,BA
40140150,Rua Francisco Otaviano,Barra,Salvador,BA
40140160,Rua Professor Fernando Luz,Barra,Salvador,BA
40140170,Rua Leoni Ramos,Barra,Salvador,BA
40140180,Rua Airosa Galvão,Barra,Salvador,BA
40140190,Rua Miguel Burnier,Barra,Salvador,BA
40140210,Rua Doutor Artur Neiva,Barra,Salvador,BA
40140230,Avenida Almirante Marques de Leão,Barra,Salvador,BA
40140240,Rua Marquês de Caravelas,Barra,Salvador,BA
40140241,Rua Marquês de Caravelas,Barra,Salvador,BA
40140242,Rua Marquês de Caravelas,Barra,Salvador,BA
40140250,Rua Greenfeld,Barra,Salvador,BA
40140260,Rua da Palmeira,Barra,Salvador,BA
40140270,Rua Dias D'Ávila,Barra,Salvador,BA
40140280,Rua Dom Marcos Teixeira,Barra,Salvador,BA
40140290,Travessa Greenfeld,Barra,Salvador,BA
40140300,Travessa Marquês de Caravelas,Barra,Salvador,BA
40140305,Vila Diná,Barra,Salvador,BA
40140306,Travessa Diná,Barra,Salvador,BA
40140310,Rua Eduardo Diniz Gonçalves,Barra,Salvador,BA
40140320,Rua Florianópolis,Barra,Salvador,BA
40140330,Rua Recife,Barra,Salvador,BA
40140340,Rua São Luiz,Barra,Salvador,BA
40140350,Rua Belém do Pará,Barra,Salvador,BA
40140360,Rua Aracaju,Barra,Salvador,BA
40140370,Rua Maceió,Barra,Salvador,BA
40140380,Rua Belo Horizonte,Barra,Salvador,BA
40140390,Rua Augusto Frederico Schmith,Barra,Salvador,BA
40140400,Avenida Centenário,Barra,Salvador,BA
40140410,Rua Fernão Magalhães,Barra,Salvador,BA
40140420,Rua José Pancetti,Barra,Salvador,BA
40140430,Rua Carlos Chiacchio,Barra,Salvador,BA
40140440,Rua Cândido Portinari,Barra,Salvador,BA
40140450,Rua Silvino Marques,Barra,Salvador,BA
40140460,Rua Guadalajara,Barra,Salvador,BA
40140461,Rua Guadalajara,Barra,Salvador,BA
40140470,Rua Doutor Deraldo Dias de Moraes,Barra,Salvador,BA
40140480,Rua Amílcar Falcão,Barra,Salvador,BA
40140490,Rua Doutor Américo Silva,Barra,Salvador,BA
40140530,1ª Travessa Doutor Deraldo Dias de Morais,Barra,Salvador,BA
40140540,2ª Travessa Doutor Deraldo Dias de Morais,Barra,Salvador,BA
40140550,3ª Travessa Doutor Deraldo Dias de Morais,Barra,Salvador,BA
40140570,Praça Amigos da Marinha,Barra,Salvador,BA
40140590,Travessa Marques de Leão,Barra,Salvador,BA
40140600,Rua Doutor Pedro de Souza Pondé,Barra,Salvador,BA
40140610,Rua Morro do Escravo Miguel,Barra,Salvador,BA
40140620,Rua Doutor Rubem Chaves,Barra,Salvador,BA
40140630,Rua Oliveira Salazar,Barra,Salvador,BA
40140640,Rua Monte de Jesus,Barra,Salvador,BA
40140650,Largo do Farol da Barra,Barra,Salvador,BA
40140670,Rua do Gavazza,Barra,Salvador,BA
40140770,Rua Bolívar Saback,Barra,Salvador,BA
40140790,Rua José Sátiro de Oliveira,Barra,Salvador,BA
40140800,Rua José Sátiro de Oliveira,Barra,Salvador,BA
40140810,Rua Doutor João Pondé,Barra,Salvador,BA
40140820,Rua do Cristo,Barra,Salvador,BA
40140830,Vila Roça da Sabina,Barra,Salvador,BA
40140840,Travessa Roça da Sabina,Barra,Salvador,BA
40140850,Avenida Artur Neiva,Barra,Salvador,BA
40140860,Avenida Roça da Sabina,Barra,Salvador,BA
40140870,1ª Avenida Roça da Sabina,Barra,Salvador,BA
40140880,2ª Avenida Roça da Sabina,Barra,Salvador,BA
40140890,Rua Doutor José Serafim,Barra,Salvador,BA
40275590,Rua Cidadela,Brotas,Salvador,BA
40280270,Rua Três de Julho,Brotas,Salvador,BA
40280290,Travessa Vila Lopes,Brotas,Salvador,BA
40280310,Travessa Ligel,Brotas,Salvador,BA
40280320,Travessa Sobral,Brotas,Salvador,BA
40280400,Rua Fonte do Governo,Brotas,Salvador,BA
40280420,Avenida Vinte de Julho,Brotas,Salvador,BA
40280430,Travessa Idelfonso,Brotas,Salvador,BA
40280470,Vila do Chá,Brotas,Salvador,BA
40285000,Avenida Dom João VI,Brotas,Salvador,BA
40285001,Avenida Dom João VI,Brotas,Salvador,BA
40285010,Rua Miguel Gustavo,Brotas,Salvador,BA
40285020,Rua Irmã Maria Regina,Brotas,Salvador,BA
40285030,Rua Emília Couto,Brotas,Salvador,BA
40285080,Avenida Saraiva,Brotas,Salvador,BA
40285090,Travessa Marina Maturino,Brotas,Salvador,BA
40285160,Rua Castro Rabelo Bagi,Brotas,Salvador,BA
40285280,Rua Machado de Assis,Brotas,Salvador,BA
40285300,Travessa Abatira,Brotas,Salvador,BA
40285360,Rua Ariston Bertino de Carvalho,Brotas,Salvador,BA
40285370,Rua Paulo Pedreira,Brotas,Salvador,BA
40285380,Rua Edvaldo Cantolino,Brotas,Salvador,BA
40285390,Rua Antônio Bulcão,Brotas,Salvador,BA
40285400,Travessa Antônio Bulcão,Brotas,Salvador,BA
40285410,Rua Professor Alipio Franca,Brotas,Salvador,BA
40285430,Rua José Oliveira Guimarães,Brotas,Salvador,BA
40285440,Rua Renato Mendonça,Brotas,Salvador,BA
40285450,Rua Odilon Dórea,Brotas,Salvador,BA
40285460,Rua Professor Amir Macêdo,Brotas,Salvador,BA
40285470,Rua Engenheiro José Muccini,Brotas,Salvador,BA
40285500,Rua Amado Coutinho,Brotas,Salvador,BA
40285550,Vila Potira,Brotas,Salvador,BA
40285600,Avenida Mário Leal Ferreira,Brotas,Salvador,BA
40285610,Avenida Santa Eurídice,Brotas,Salvador,BA
40285630,Travessa Machado de Assis,Brotas,Salvador,BA
40285660,Rua Zeca Paulino,Brotas,Salvador,BA
40285690,Rua Marina Maturino,Brotas,Salvador,BA
40285700,Jardim Castro Alves,Brotas,Salvador,BA
40285720,Rua Desembargador Antônio Bulcão,Brotas,Salvador,BA
40285745,Rua Álvaro José Barbosa,Brotas,Salvador,BA
40285765,Rua Jurema,Brotas,Salvador,BA
40285820,Rua Jardim Santo Antônio,Brotas,Salvador,BA
40285830,Boulevard Copacabana,Brotas,Salvador,BA
40285840,Rua Otacílio Santos,Brotas,Salvador,BA
40285850,Rua Filinto Borja,Brotas,Salvador,BA
40285860,Travessa Raimundo Figueredo Lins,Brotas,Salvador,BA
40285870,Rua Dezenove de Maio,Brotas,Salvador,BA
40285880,Travessa Tupynambá,Brotas,Salvador,BA
40285890,Travessa Waldemar Falcão,Brotas,Salvador,BA
40286000,Avenida Vasco da Gama,Brotas,Salvador,BA
40286010,Rua Professora Laura Baraúna,Brotas,Salvador,BA
40286020,Rua Jardim Lucaia,Brotas,Salvador,BA
40286030,Rua Irmã Dulce,Brotas,Salvador,BA
40286040,Rua Rosa dos Ventos,Brotas,Salvador,BA
40286050,1ª Travessa Waldemar Falcão do Horto,Brotas,Salvador,BA
40286060,1ª Travessa Dezenove de Maio,Brotas,Salvador,BA
40286070,1ª Travessa Boa Esperança,Brotas,Salvador,BA
40286080,1ª Travessa Jardim Santo Antonio,Brotas,Salvador,BA
40286090,1ª Travessa Marina Maturino,Brotas,Salvador,BA
40286100,1ª Travessa Miguel Gustavo,Brotas,Salvador,BA
40286110,1ª Travessa Professor Rômulo Almeida,Brotas,Salvador,BA
40286120,1ª Travessa Vasco da Gama,Brotas,Salvador,BA
40286130,1ª Vila Waldemar Falcão,Brotas,Salvador,BA
40286140,2ª Travessa Jardim Santo Antônio,Brotas,Salvador,BA
40286150,2ª Travessa Marina Maturino,Brotas,Salvador,BA
40286160,3ª Travessa Dona João VI,Brotas,Salvador,BA
40286170,3ª Travessa Jardim Santo Antônio,Brotas,Salvador,BA
40286180,3ª Travessa Marina Maturino,Brotas,Salvador,BA
40286190,4ª Travessa Waldemar Falcão,Brotas,Salvador,BA
40286200,5ª Travessa Waldemar Falcão,Brotas,Salvador,BA
40286210,Avenida Emília Couto,Brotas,Salvador,BA
40286220,Avenida Maria dos Cravos,Brotas,Salvador,BA
40286230,Avenida Santo Antônio de Brotas,Brotas,Salvador,BA
40286240,Ladeira do Hospital Geral,Brotas,Salvador,BA
40286250,Rua Boa Esperança,Brotas,Salvador,BA
40286260,Rua das Flores,Brotas,Salvador,BA
40286270,Rua Doutor Armando Tourinho,Brotas,Salvador,BA
40286280,Rua Gonçalo Porto de Souza,Brotas,Salvador,BA
40286290,Rua Itape,Brotas,Salvador,BA
40286300,Rua Jardim Santa Helena,Brotas,Salvador,BA
40286310,Rua Joaquim Batista Neves,Brotas,Salvador,BA
40286320,Rua Ferreiro Dias,Brotas,Salvador,BA
40286330,Rua Pacoti,Brotas,Salvador,BA
40286340,Rua Professor Alda Leal,Brotas,Salvador,BA
40286350,Rua Vital Soares,Brotas,Salvador,BA
40286360,Travessa Dezenove de Maio,Brotas,Salvador,BA
40286370,Travessa Antônio Dias,Brotas,Salvador,BA
40286380,Travessa Boa Esperança,Brotas,Salvador,BA
40286390,Travessa Doutor Renato Mendonça,Brotas,Salvador,BA
40286400,Travessa Emília Couto,Brotas,Salvador,BA
40286410,Travessa Filinto Borja,Brotas,Salvador,BA
40286420,Travessa Jardim Santa Helena,Brotas,Salvador,BA
40286430,Travessa Marino Santana,Brotas,Salvador,BA
40286440,Travessa Miguel Gustavo,Brotas,Salvador,BA
40286450,Travessa São Jorge,Brotas,Salvador,BA
40286470,Vila Waldemar Falcão,Brotas,Salvador,BA
40286480,Travessa Vasco da Gama,Brotas,Salvador,BA
40286490,Vila Dezenove de Maio,Brotas,Salvador,BA
40286500,Vila São Luiz,Brotas,Salvador,BA
40286510,Rua Antônio Dias,Brotas,Salvador,BA
40286560,Travessa São Jose,Brotas,Salvador,BA
40080001,Avenida Sete de Setembro,Campo Grande,Salvador,BA
40080016,Rua Forte de São Pedro,Campo Grande,Salvador,BA
40080018,Beco do Alemão,Campo Grande,Salvador,BA
40080020,Ladeira da Fonte,Campo Grande,Salvador,BA
40080025,Travessa da Fonte,Campo Grande,Salvador,BA
40080030,Avenida Reitor Miguel Calmon,Campo Grande,Salvador,BA
40080035,Praça da Aclamação,Campo Grande,Salvador,BA
40080036,Travessa Corneta Lopes,Campo Grande,Salvador,BA
40080040,Rua Banco dos Ingleses,Campo Grande,Salvador,BA
40080070,Avenida Lourdes,Campo Grande,Salvador,BA
40080075,Avenida Hilário,Campo Grande,Salvador,BA
40080080,Avenida Alberto Pinto,Campo Grande,Salvador,BA
40080095,Travessa Falcão,Campo Grande,Salvador,BA
40080100,1ª Avenida Alberto Pinto,Campo Grande,Salvador,BA
40080110,Rua Jardim Passeio Público,Campo Grande,Salvador,BA
40080115,Travessa Barbosa Leal,Campo Grande,Salvador,BA
40080120,Largo do Campo Grande,Campo Grande,Salvador,BA
40080121,Largo do Campo Grande,Campo Grande,Salvador,BA
40210245,Rua Agnelo Brito,Federação,Salvador,BA
40210255,Praça Lord Cochrane,Federação,Salvador,BA
40210275,1ª Travessa Vinte e Três de Fevereiro,Federação,Salvador,BA
40210285,Travessa São João,Federação,Salvador,BA
40210295,Avenida dos Anjos,Federação,Salvador,BA
40210300,Rua Imaculada Maria,Federação,Salvador,BA
40210320,Ladeira do Campo Santo,Federação,Salvador,BA
40210330,Largo do Campo Santo,Federação,Salvador,BA
40210340,Rua Caetano Moura,Federação,Salvador,BA
40210341,Rua Caetano Moura,Federação,Salvador,BA
40210360,2ª Travessa do Gantois,Federação,Salvador,BA
40210390,Vila Laís,Federação,Salvador,BA
40210470,Rua Paulo Ney,Federação,Salvador,BA
40210490,Vila Sete de Julho,Federação,Salvador,BA
40210500,Avenida Santiago,Federação,Salvador,BA
40210510,Travessa Cezário,Federação,Salvador,BA
40210530,Avenida São José,Federação,Salvador,BA
40210540,Avenida José Teixeira,Federação,Salvador,BA
40210600,Avenida Wilson,Federação,Salvador,BA
40210605,Avenida Vasconcelos,Federação,Salvador,BA
40210620,Rua Mestre Pastinha,Federação,Salvador,BA
40210630,Rua Professor Aristides Novis,Federação,Salvador,BA
40210640,Baixa São de Lázaro,Federação,Salvador,BA
40210650,Rua Padre Camilo Torrend,Federação,Salvador,BA
40210670,Travessa Medrado,Federação,Salvador,BA
40210700,Rua Professor Severo Pessoa,Federação,Salvador,BA
40210710,Alto São de Lázaro,Federação,Salvador,BA
40210720,Rua São Lázaro,Federação,Salvador,BA
40210730,Estrada São Lázaro,Federação,Salvador,BA
40210740,Praça São Lázaro,Federação,Salvador,BA
40210750,Avenida Anita Garibaldi,Federação,Salvador,BA
40213010,Rua Souza Uzel,Federação,Salvador,BA
40213020,Travessa Souza Uzel,Federação,Salvador,BA
40213050,Rua Alto do Gantois,Federação,Salvador,BA
40213100,Vila São Lázaro,Federação,Salvador,BA
40215060,Rua Alto das Pombas,Federação,Salvador,BA
40215070,Rua Alto de São Lázaro,Federação,Salvador,BA
40215080,Rua Alto do Candomblé,Federação,Salvador,BA
40215150,Rua Mãe Menininha do Gantois,Federação,Salvador,BA
40215156,Rua Bela Vista,Federação,Salvador,BA
40215360,Parque Florestal Suíço,Federação,Salvador,BA
40215570,Avenida José Manoel Alves,Federação,Salvador,BA
40215650,Avenida Mário Siri,Federação,Salvador,BA
40215730,Rua dos Orixás,Federação,Salvador,BA
40215820,Ladeira Santo Antônio,Federação,Salvador,BA
40230000,Avenida Cardeal da Silva,Federação,Salvador,BA
40230010,Avenida Cardeal da Silva,Federação,Salvador,BA
40230040,Rua Ferreira Santos,Federação,Salvador,BA
40230041,Travessa da Bola,Federação,Salvador,BA
40230042,Avenida Oliveira,Federação,Salvador,BA
40230043,Vila Ferreira Santos,Federação,Salvador,BA
40230044,Avenida Ferreira Santos,Federação,Salvador,BA
40230045,Avenida Inácio,Federação,Salvador,BA
40230048,2ª Travessa Vinte e Três de Fevereiro,Federação,Salvador,BA
40230049,1ª Travessa Nipônica,Federação,Salvador,BA
40230050,Avenida Gel,Federação,Salvador,BA
40230052,Avenida Souza Uzel,Federação,Salvador,BA
40230053,Vila Caetano Moura,Federação,Salvador,BA
40230054,Travessa do Gantois,Federação,Salvador,BA
40230055,Rua Juruá,Federação,Salvador,BA
40230056,Vila Anita,Federação,Salvador,BA
40230057,2ª Travessa Ferreira Santos,Federação,Salvador,BA
40230058,4ª Travessa Souza Uzel,Federação,Salvador,BA
40230059,5ª Travessa Souza Uzel,Federação,Salvador,BA
40230060,Travessa Maria Eugênia,Federação,Salvador,BA
40230061,6ª Travessa Souza Uzel,Federação,Salvador,BA
40230062,7ª Travessa Souza Uzel,Federação,Salvador,BA
40230063,8ª Travessa Souza Uzel,Federação,Salvador,BA
40230064,9ª Travessa Souza Uzel,Federação,Salvador,BA
40230065,Avenida Branco,Federação,Salvador,BA
40230066,Avenida Silvestre de Farias,Federação,Salvador,BA
40230067,Travessa da Passarela,Federação,Salvador,BA
40230068,Travessa São Roque,Federação,Salvador,BA
40230069,Travessa Darino Apolônio,Federação,Salvador,BA
40230070,Vila Maria Eugênia,Federação,Salvador,BA
40230071,Travessa Maria,Federação,Salvador,BA
40230072,Travessa Paulina,Federação,Salvador,BA
40230073,Vila Paulina,Federação,Salvador,BA
40230074,Vila Verde,Federação,Salvador,BA
40230075,Vila Zezito,Federação,Salvador,BA
40230076,Avenida Rodrigues Ferreira,Federação,Salvador,BA
40230077,Travessa Rodrigues Ferreira,Federação,Salvador,BA
40230078,Avenida Mata Maroto,Federação,Salvador,BA
40230079,2ª Travessa Sérgio de Carvalho,Federação,Salvador,BA
40230080,Rua Doutor Nicito,Federação,Salvador,BA
40230081,3ª Travessa Sérgio de Carvalho,Federação,Salvador,BA
40230082,4ª Travessa Sérgio de Carvalho,Federação,Salvador,BA
40230083,Beco da Bola,Federação,Salvador,BA
40230084,Avenida Santa Maria,Federação,Salvador,BA
40230085,Avenida São Francisco,Federação,Salvador,BA
40230086,Avenida das Esmeraldas,Federação,Salvador,BA
40230087,Travessa Edith,Federação,Salvador,BA
40230088,Beco da Jurema,Federação,Salvador,BA
40230091,Rua Garibaldi,Federação,Salvador,BA
40230092,Avenida São Tiago,Federação,Salvador,BA
40230093,Rua Joaquim Calado,Federação,Salvador,BA
40230094,Avenida Altair,Federação,Salvador,BA
40230095,Avenida Cassiano Dantas,Federação,Salvador,BA
40230100,Rua Padre Domingos de Brito,Federação,Salvador,BA
40230101,Rua Henriqueta Martins Catarino,Federação,Salvador,BA
40230102,Rua José Wilson de Vasconcelos,Federação,Salvador,BA
40230103,Rua Manoel Marques,Federação,Salvador,BA
40230104,Avenida Edith,Federação,Salvador,BA
40230105,Avenida Rosário,Federação,Salvador,BA
40230106,Rua Antônio dos Passos,Federação,Salvador,BA
40230107,Rua Monsenhor Apio Silva,Federação,Salvador,BA
40230108,Rua Doutor Galdino de Magalhães Ribeiro,Federação,Salvador,BA
40230109,Rua Mata Maroto,Federação,Salvador,BA
40230110,Rua Onze de Agosto,Federação,Salvador,BA
40230111,Avenida Maria,Federação,Salvador,BA
40230115,Vila Souza Uzel,Federação,Salvador,BA
40230120,Avenida Regina,Federação,Salvador,BA
40230125,Rua das Esmeraldas,Federação,Salvador,BA
40230130,Avenida Roberto Tadeu,Federação,Salvador,BA
40230140,Travessa Vinte e Três de Fevereiro,Federação,Salvador,BA
40230150,Avenida Rios,Federação,Salvador,BA
40230155,1ª Travessa Souza Uzel,Federação,Salvador,BA
40230165,2ª Travessa Souza Uzel,Federação,Salvador,BA
40230170,Travessa Maria José,Federação,Salvador,BA
40230175,3ª Travessa Ferreira Santos,Federação,Salvador,BA
40230180,Travessa Silvano,Federação,Salvador,BA
40230185,Avenida Maria Felipa,Federação,Salvador,BA
40230190,Avenida Raquel,Federação,Salvador,BA
40230195,3ª Travessa Baixa Fria,Federação,Salvador,BA
40230200,Ladeira São Roque,Federação,Salvador,BA
40230205,2ª Travessa Pedro Gama de Baixo,Federação,Salvador,BA
40230215,Avenida do Major,Federação,Salvador,BA
40230220,Rua Vinte e Três de Fevereiro,Federação,Salvador,BA
40230225,Travessa Mata Maroto,Federação,Salvador,BA
40230226,Rua Baixa do Gantois,Federação,Salvador,BA
40230240,Ladeira do Cachimbeiro,Federação,Salvador,BA
40230245,Avenida Cândido,Federação,Salvador,BA
40230250,Avenida Caldeira,Federação,Salvador,BA
40230255,Travessa Silvestre de Farias,Federação,Salvador,BA
40230260,Avenida Crispin,Federação,Salvador,BA
40230265,Vila Três de Maio,Federação,Salvador,BA
40230270,Avenida Miranda,Federação,Salvador,BA
40230275,Avenida do Cacau,Federação,Salvador,BA
40230280,Avenida Gilberto,Federação,Salvador,BA
40230290,Ladeira do Sobradinho,Federação,Salvador,BA
40230295,Avenida Paulina,Federação,Salvador,BA
40230300,Ladeira Abelardo,Federação,Salvador,BA
40230305,Avenida da Bola,Federação,Salvador,BA
40230310,Alto do Sobradinho,Federação,Salvador,BA
40230315,1ª Travessa Gel,Federação,Salvador,BA
40230320,Rua Engenheiro Jaime Zaverucha,Federação,Salvador,BA
40230325,3ª Travessa Maria Eugênia,Federação,Salvador,BA
40230330,Rua Engenheiro Rubens Pires Ferreira,Federação,Salvador,BA
40230335,Avenida Aratu,Federação,Salvador,BA
40230340,Avenida Nabucodonosor,Federação,Salvador,BA
40230345,Ladeira São José,Federação,Salvador,BA
40230350,Avenida Edife,Federação,Salvador,BA
40230355,Vila do Major,Federação,Salvador,BA
40230360,Avenida Venceslau,Federação,Salvador,BA
40230365,Avenida da Serpente,Federação,Salvador,BA
40230370,Rua Engenheiro Afonso Oliva,Federação,Salvador,BA
40230375,Vila Padre Domingos de Brito,Federação,Salvador,BA
40230380,Vila Regina,Federação,Salvador,BA
40230385,Ladeira São Jerônimo,Federação,Salvador,BA
40230395,1ª Travessa Maria Eugênia,Federação,Salvador,BA
40230405,3ª Travessa Padre Domingos de Brito,Federação,Salvador,BA
40230415,Avenida Major,Federação,Salvador,BA
40230430,Vila Silvestre de Farias,Federação,Salvador,BA
40230435,Avenida da Ribanceira,Federação,Salvador,BA
40230440,Vila Silvestre de Farias,Federação,Salvador,BA
40230445,Avenida Josué,Federação,Salvador,BA
40230455,Vila Raul,Federação,Salvador,BA
40230465,Avenida São Lázaro,Federação,Salvador,BA
40230470,Rua Jurema,Federação,Salvador,BA
40230475,1ª Travessa Miguel Lemos,Federação,Salvador,BA
40230485,Avenida Moura,Federação,Salvador,BA
40230490,2ª Travessa Nipônica,Federação,Salvador,BA
40230495,Avenida Bezerra,Federação,Salvador,BA
40230505,Avenida Lago,Federação,Salvador,BA
40230510,Vila Maria Bonita,Federação,Salvador,BA
40230515,Avenida Letra,Federação,Salvador,BA
40230525,Beco Itu,Federação,Salvador,BA
40230535,1ª Travessa São João,Federação,Salvador,BA
40230545,Travessa Sete de Julho,Federação,Salvador,BA
40230555,Ladeira do Alto da Bola,Federação,Salvador,BA
40230565,2ª Travessa Alto da Bola,Federação,Salvador,BA
40230575,Travessa Onze de Agosto,Federação,Salvador,BA
40230585,Beco da Gia,Federação,Salvador,BA
40230595,Avenida Raul,Federação,Salvador,BA
40230605,1ª Travessa Alice,Federação,Salvador,BA
40230610,Ladeira Protestantes,Federação,Salvador,BA
40230615,1ª Travessa Alto da Bola,Federação,Salvador,BA
40230620,Avenida Pinho,Federação,Salvador,BA
40230625,Avenida Pinheiro,Federação,Salvador,BA
40230635,1ª Travessa Roberto Tadeu,Federação,Salvador,BA
40230645,Avenida Papagaio,Federação,Salvador,BA
40230655,Ladeira da Jurema,Federação,Salvador,BA
40230665,2ª Travessa Miguel Lemos,Federação,Salvador,BA
40230675,Ladeira da Serpente,Federação,Salvador,BA
40230680,Rua Sérgio de Carvalho,Federação,Salvador,BA
40230685,1ª Travessa Silvestre de Farias,Federação,Salvador,BA
40230690,Alto Sérgio de Carvalho,Federação,Salvador,BA
40230695,Avenida Vinte e Cinco de Maio,Federação,Salvador,BA
40230700,Ladeira Treze de Julho,Federação,Salvador,BA
40230705,Avenida Sampaio,Federação,Salvador,BA
40230715,2ª Travessa Jurema,Federação,Salvador,BA
40230725,Travessa Quirino,Federação,Salvador,BA
40230731,Avenida Vasco da Gama,Federação,Salvador,BA
40230735,Avenida Três de Junho,Federação,Salvador,BA
40230740,Avenida Washington,Federação,Salvador,BA
40230745,Travessa Tumba Juçara,Federação,Salvador,BA
40230755,Vila dos Protestantes,Federação,Salvador,BA
40230765,Avenida Lopes,Federação,Salvador,BA
40230775,2ª Travessa Silvano,Federação,Salvador,BA
40230785,Praça Nilton José,Federação,Salvador,BA
40230795,Praça Pulchéria,Federação,Salvador,BA
40230805,Rua dos Reis Católicos,Federação,Salvador,BA
40230815,1ª Travessa Caetano Moura,Federação,Salvador,BA
40230820,Vila Juruá,Federação,Salvador,BA
40230825,2ª Travessa Caetano Moura,Federação,Salvador,BA
40230835,Avenida Melo,Federação,Salvador,BA
40230850,Ladeira da Favela,Federação,Salvador,BA
40230860,Vila Marcos,Federação,Salvador,BA
40230870,2ª Travessa Maria Eugênia,Federação,Salvador,BA
40230875,Vila Reis Católicos,Federação,Salvador,BA
40230880,Avenida Vinte de Março,Federação,Salvador,BA
40230885,3ª Travessa Alto da Bola,Federação,Salvador,BA
40230890,Vila Abaçá,Federação,Salvador,BA
40230895,Rua do Major,Federação,Salvador,BA
40231000,Rua Pedro Gama,Federação,Salvador,BA
40231010,Avenida Angélica Rocha,Federação,Salvador,BA
40231020,Travessa Pedro Gama,Federação,Salvador,BA
40231030,Avenida Aliança,Federação,Salvador,BA
40231040,Rua Aécio,Federação,Salvador,BA
40231050,Travessa Almeida,Federação,Salvador,BA
40231060,Jardim Federação,Federação,Salvador,BA
40231070,Rua Pedro Gama,Federação,Salvador,BA
40231090,Rua Professora Semírames Barbuda,Federação,Salvador,BA
40231100,Avenida Peixoto,Federação,Salvador,BA
40231110,Avenida Miguel Lemos,Federação,Salvador,BA
40231120,Rua Alto da Bomba,Federação,Salvador,BA
40231130,Rua Quatro de Dezembro,Federação,Salvador,BA
40231140,Travessa São Domingos,Federação,Salvador,BA
40231150,Conjunto Vereda do Bosque,Federação,Salvador,BA
40231160,Vila do Trilho,Federação,Salvador,BA
40231170,Ladeira dos Contentes,Federação,Salvador,BA
40231181,2ª Travessa Padre Domingos de Brito,Federação,Salvador,BA
40231185,1ª Travessa Padre Domingos de Brito,Federação,Salvador,BA
40231190,Alto da Fortaleza,Federação,Salvador,BA
40231200,Rua Eulálio de Oliveira,Federação,Salvador,BA
40231210,Travessa Miguel Lemos,Federação,Salvador,BA
40231220,Avenida Valeriano,Federação,Salvador,BA
40231230,Rua do Trilho,Federação,Salvador,BA
40231250,Avenida Cardeal da Silva,Federação,Salvador,BA
40231300,Avenida Reitor Migurel Calmon,Federação,Salvador,BA
40231305,Avenida Cardeal da Silva,Federação,Salvador,BA
40100000,Avenida Leovigildo Filgueiras,Garcia,Salvador,BA
40100005,Vila Costa,Garcia,Salvador,BA
40100015,Vila do Carvão,Garcia,Salvador,BA
40100020,Rua Félix Mendes,Garcia,Salvador,BA
40100025,Vila Pedro Almeida,Garcia,Salvador,BA
40100030,Avenida Professor Paulo Almeida,Garcia,Salvador,BA
40100035,Vila Vilma,Garcia,Salvador,BA
40100040,Rua Cerqueira Lima,Garcia,Salvador,BA
40100045,1ª Travessa Dom Manoel I,Garcia,Salvador,BA
40100050,Rua Martin Affonso de Souza,Garcia,Salvador,BA
40100055,1ª Travessa Francisco Rabello,Garcia,Salvador,BA
40100060,Alameda Filemon Andrade,Garcia,Salvador,BA
40100065,1ª Travessa Garibaldi,Garcia,Salvador,BA
40100070,Avenida Andrade,Garcia,Salvador,BA
40100075,1ª Travessa Língua de Vaca,Garcia,Salvador,BA
40100080,Rua Conde Pereira Marinho,Garcia,Salvador,BA
40100085,1ª Travessa Martin Affonso de Souza,Garcia,Salvador,BA
40100090,Avenida Hilda,Garcia,Salvador,BA
40100095,1ª Vila Rios,Garcia,Salvador,BA
40100100,Rua dos Protestantes,Garcia,Salvador,BA
40100105,2ª Travessa Athayde Seixas,Garcia,Salvador,BA
40100110,Rua Victor Meirelles,Garcia,Salvador,BA
40100115,2ª Travessa Dom Manoel I,Garcia,Salvador,BA
40100120,Avenida Boulhosa,Garcia,Salvador,BA
40100125,2ª Travessa Martin Affonso de Souza,Garcia,Salvador,BA
40100130,Praça Alexandre Fernandes,Garcia,Salvador,BA
40100135,Acesso SEPLAM,Garcia,Salvador,BA
40100140,Rua dos Artistas,Garcia,Salvador,BA
40100145,Avenida do Trilho,Garcia,Salvador,BA
40100150,Rua Gomes Brandão,Garcia,Salvador,BA
40100155,Avenida Dom Manoel I,Garcia,Salvador,BA
40100160,Rua Comendador José Alves Ferreira,Garcia,Salvador,BA
40100165,Avenida Gnose,Garcia,Salvador,BA
40100170,Rua Pacífico Pereira,Garcia,Salvador,BA
40100175,Avenida Gomes Brandão,Garcia,Salvador,BA
40100180,Avenida Centenário,Garcia,Salvador,BA
40100185,Avenida Guimarães,Garcia,Salvador,BA
40100190,Rua Dom Manoel I,Garcia,Salvador,BA
40100195,Avenida São Raimundo,Garcia,Salvador,BA
40100200,Rua Prediliano Pitta,Garcia,Salvador,BA
40100205,Avenida São Rufino,Garcia,Salvador,BA
40100210,Rua Clemente Pereira,Garcia,Salvador,BA
40100215,Avenida Senhora Santana,Garcia,Salvador,BA
40100220,Travessa Clemente Pereira,Garcia,Salvador,BA
40100225,Avenida Sessenta e Oito,Garcia,Salvador,BA
40100230,Praça Marquês de Olinda,Garcia,Salvador,BA
40100235,Avenida Vanda,Garcia,Salvador,BA
40100240,Rua Quintino Bocayuva,Garcia,Salvador,BA
40100245,1ª Avenida Dom Manoel I,Garcia,Salvador,BA
40100250,Travessa do Panta,Garcia,Salvador,BA
40100255,2ª Avenida Dom Manoel I,Garcia,Salvador,BA
40100260,Rua Ataíde Seixas,Garcia,Salvador,BA
40100265,4ª Avenida Dom Manoel I,Garcia,Salvador,BA
40100270,Vila Olinda,Garcia,Salvador,BA
40100275,2ª Avenida Boulhosa,Garcia,Salvador,BA
40100280,Rua Martim Francisco,Garcia,Salvador,BA
40100285,1ª Avenida Pacífico Pereira,Garcia,Salvador,BA
40100290,Vila Carmem,Garcia,Salvador,BA
40100295,1ª Avenida do Panta,Garcia,Salvador,BA
40100300,Rua Língua de Vaca,Garcia,Salvador,BA
40100305,Vila Limoeiro,Garcia,Salvador,BA
40100310,Ladeira do Carvão,Garcia,Salvador,BA
40100315,Vila Língua de Vaca,Garcia,Salvador,BA
40100320,Beco Manoel Velho,Garcia,Salvador,BA
40100325,Avenida Bispo,Garcia,Salvador,BA
40100335,Travessa Leovigildo Filgueiras,Garcia,Salvador,BA
40100340,Rua da Curva Grande,Garcia,Salvador,BA
40100345,Vila Ana Rios,Garcia,Salvador,BA
40100350,Travessa da Curva Grande,Garcia,Salvador,BA
40100355,Avenida Veríssimo,Garcia,Salvador,BA
40100360,Avenida da Curva Grande,Garcia,Salvador,BA
40100365,Vila Rios,Garcia,Salvador,BA
40100370,Travessa Francisco Rabello,Garcia,Salvador,BA
40100380,Vila Curva Grande,Garcia,Salvador,BA
40100390,Vila Leonídio,Garcia,Salvador,BA
40100420,Avenida São Paulo,Garcia,Salvador,BA
40100430,Avenida Zezé,Garcia,Salvador,BA
40100440,Vila Iracy,Garcia,Salvador,BA
40100450,Vila Aurora,Garcia,Salvador,BA
40100460,Avenida Celina,Garcia,Salvador,BA
40100470,Avenida Leonel,Garcia,Salvador,BA
40100480,Avenida Clemente Pereira,Garcia,Salvador,BA
40100490,Travessa Athayde Seixas,Garcia,Salvador,BA
40100500,Avenida Antonieta Góes,Garcia,Salvador,BA
40100510,Avenida Baldoíno,Garcia,Salvador,BA
40100520,Avenida Alda,Garcia,Salvador,BA
40100530,Avenida Alexandre,Garcia,Salvador,BA
40100560,Avenida Brasil,Garcia,Salvador,BA
40100570,Avenida Celeste,Garcia,Salvador,BA
40100580,Avenida Moreno,Garcia,Salvador,BA
40100590,Avenida Arthur Rios,Garcia,Salvador,BA
40100600,Beco do Carvão,Garcia,Salvador,BA
40100610,Beco Dona da Adelaide,Garcia,Salvador,BA
40100630,Avenida do Panta,Garcia,Salvador,BA
40100640,Avenida Indostão,Garcia,Salvador,BA
40100650,Avenida João Dias da Silva,Garcia,Salvador,BA
40100660,Avenida João Moreira,Garcia,Salvador,BA
40100670,Avenida Língua de Vaca,Garcia,Salvador,BA
40100680,Avenida Quintino,Garcia,Salvador,BA
40100690,Avenida Bocaiúva,Garcia,Salvador,BA
40100700,Avenida Rogério,Garcia,Salvador,BA
40100710,Avenida Santana Barbosa,Garcia,Salvador,BA
40100720,Ladeira do Galo,Garcia,Salvador,BA
40100730,Praça Doutor João Mangabeira,Garcia,Salvador,BA
40100740,Praça Doutor Mário Macedo Costa,Garcia,Salvador,BA
40100750,Travessa José Garibaldi,Garcia,Salvador,BA
40100760,Travessa Língua de Vaca,Garcia,Salvador,BA
40100770,Vila Beatriz,Garcia,Salvador,BA
40100780,Vila Casais,Garcia,Salvador,BA
40100790,Avenida Campelo,Garcia,Salvador,BA
40100800,Vila Conceição,Garcia,Salvador,BA
40100810,Largo Félix Mendes,Garcia,Salvador,BA
40100820,Avenida Padre Domingos de Brito,Garcia,Salvador,BA
40105140,Avenida Hipólito,Garcia,Salvador,BA
40105240,Avenida Jorge,Garcia,Salvador,BA
40105330,Avenida Marquês de Olinda,Garcia,Salvador,BA
40105370,Travessa Padre Domingos de Brito,Garcia,Salvador,BA
40105380,Rua Padre Domingos de Brito,Garcia,Salvador,BA
40105390,Beco do Panta,Garcia,Salvador,BA
40105440,Travessa Quintino Bocayuva,Garcia,Salvador,BA
40105520,Vila Roseno,Garcia,Salvador,BA
40105560,Avenida São Luís,Garcia,Salvador,BA
40105620,Vila Teiú,Garcia,Salvador,BA
40105660,Rua Martin Francisco,Garcia,Salvador,BA
40150000,Rua Oito de Dezembro,Graça,Salvador,BA
40150010,Rua Santa Rita de Cássia,Graça,Salvador,BA
40150035,Travessa General Carmona,Graça,Salvador,BA
40150050,Rua Teixeira Leal,Graça,Salvador,BA
40150060,Largo da Graça,Graça,Salvador,BA
40150066,Praça Paterson,Graça,Salvador,BA
40150070,Alameda Capimirim,Graça,Salvador,BA
40150080,Avenida Princesa Leopoldina,Graça,Salvador,BA
40150100,Alameda Rio de São Pedro,Graça,Salvador,BA
40150105,Ladeira da Gabriela,Graça,Salvador,BA
40150110,Rua do Céu,Graça,Salvador,BA
40150120,Avenida Euclydes da Cunha,Graça,Salvador,BA
40150122,Avenida Euclydes da Cunha,Graça,Salvador,BA
40150130,Rua Humberto de Campos,Graça,Salvador,BA
40150140,Rua da Paz,Graça,Salvador,BA
40150150,Rua Conde Filho,Graça,Salvador,BA
40150160,Rua Esperanto,Graça,Salvador,BA
40150170,Rua Almirante Cleto Japi Assu,Graça,Salvador,BA
40150180,Rua Amélia Rodrigues,Graça,Salvador,BA
40150190,Rua Engenheiro Alexandre Maia,Graça,Salvador,BA
40150200,Rua Catarina Paraguassu,Graça,Salvador,BA
40150210,Rua Barão de Capanema,Graça,Salvador,BA
40150250,Rua Comendador Horácio Urpia,Graça,Salvador,BA
40150260,Rua Desembargador Oscar Dantas,Graça,Salvador,BA
40150270,Rua Barão de Loreto,Graça,Salvador,BA
40150280,Rua Engenheiro Celso Torres,Graça,Salvador,BA
40150290,Rua Beirute,Graça,Salvador,BA
40150350,Rua Rio de São Pedro,Graça,Salvador,BA
40150355,Boulevard Rio de São Pedro,Graça,Salvador,BA
40150360,Rua Manoel Barreto,Graça,Salvador,BA
40150370,Avenida Centenário,Graça,Salvador,BA
40150380,Rua Djalma Ramos,Graça,Salvador,BA
40150390,Rua Martagão Gesteira,Graça,Salvador,BA
40150400,Rua Deocleciano Barreto,Graça,Salvador,BA
40150460,Rua Engenheiro Souza Lima,Graça,Salvador,BA
40150470,Travessa Engenheiro Souza Lima,Graça,Salvador,BA
40150480,Rua Flórida,Graça,Salvador,BA
40150500,Avenida Pernambuco,Graça,Salvador,BA
40150510,Avenida Reitor Miguel Calmon,Graça,Salvador,BA
40150520,Alto da Califórnia,Graça,Salvador,BA
40150550,Avenida Princesa Isabel,Graça,Salvador,BA
41920770,Travessa Temístocles,Rio Vermelho,Salvador,BA
41940000,Rua Osvaldo Cruz,Rio Vermelho,Salvador,BA
41940010,Rua Nelson Galo,Rio Vermelho,Salvador,BA
41940020,Rua Carijós,Rio Vermelho,Salvador,BA
41940030,Rua Caetés,Rio Vermelho,Salvador,BA
41940040,Rua Tamoios,Rio Vermelho,Salvador,BA
41940050,Rua Maracás,Rio Vermelho,Salvador,BA
41940070,Rua Caetité,Rio Vermelho,Salvador,BA
41940080,Rua Aimorés,Rio Vermelho,Salvador,BA
41940090,Rua Tupinambás,Rio Vermelho,Salvador,BA
41940100,Rua Potiguares,Rio Vermelho,Salvador,BA
41940105,Alameda Morro da Margarida,Rio Vermelho,Salvador,BA
41940110,Rua Archibaldo Baleeiro,Rio Vermelho,Salvador,BA
41940120,Rua Conceição Menezes,Rio Vermelho,Salvador,BA
41940130,Rua Santa Clara,Rio Vermelho,Salvador,BA
41940140,Avenida Reis,Rio Vermelho,Salvador,BA
41940150,Rua do Céu,Rio Vermelho,Salvador,BA
41940155,1ª Travessa Capitão Aristeu,Rio Vermelho,Salvador,BA
41940160,Rua Jacobina,Rio Vermelho,Salvador,BA
41940170,Favela Invasão,Rio Vermelho,Salvador,BA
41940180,2ª Travessa do Corte Grande,Rio Vermelho,Salvador,BA
41940200,Conjunto Vila Cabrita,Rio Vermelho,Salvador,BA
41940210,Rua Francisco Rosa,Rio Vermelho,Salvador,BA
41940220,Rua Rodrigo Argolo,Rio Vermelho,Salvador,BA
41940230,Rua Ipirá,Rio Vermelho,Salvador,BA
41940240,Rua Maragogipe,Rio Vermelho,Salvador,BA
41940250,Rua Macaúbas,Rio Vermelho,Salvador,BA
41940260,Rua Belmonte,Rio Vermelho,Salvador,BA
41940270,Rua Frederico Edelweiss,Rio Vermelho,Salvador,BA
41940280,2ª Travessa Nilzete,Rio Vermelho,Salvador,BA
41940290,2ª Travessa Temístocles,Rio Vermelho,Salvador,BA
41940300,Rua Rogério de Faria,Rio Vermelho,Salvador,BA
41940310,Rua Francisco Catarino Pithon,Rio Vermelho,Salvador,BA
41940320,Rua Theodomiro Baptista,Rio Vermelho,Salvador,BA
41940330,Rua Marquês de Monte Santo,Rio Vermelho,Salvador,BA
41940340,Rua Barro Vermelho,Rio Vermelho,Salvador,BA
41940350,Rua Odilon Santos,Rio Vermelho,Salvador,BA
41940360,Rua Fonte do Boi,Rio Vermelho,Salvador,BA
41940370,Rua Monte Conselho,Rio Vermelho,Salvador,BA
41940380,Largo da Mariquita,Rio Vermelho,Salvador,BA
41940390,Praça Augusto Severo,Rio Vermelho,Salvador,BA
41940396,Praça Colombo,Rio Vermelho,Salvador,BA
41940400,3ª Travessa Manoel Rangel,Rio Vermelho,Salvador,BA
41940410,Rua Antônio Queiroz Muniz,Rio Vermelho,Salvador,BA
41940420,Rua Apolônio de Toddi,Rio Vermelho,Salvador,BA
41940426,Rua do Meio,Rio Vermelho,Salvador,BA
41940430,Travessa Basílio de Magalhães,Rio Vermelho,Salvador,BA
41940440,Praça Brigadeiro Faria Rocha,Rio Vermelho,Salvador,BA
41940460,Rua do Mirante,Rio Vermelho,Salvador,BA
41940475,4ª Travessa do Corte Grande,Rio Vermelho,Salvador,BA
41940480,4ª Travessa Manoel Rangel,Rio Vermelho,Salvador,BA
41940490,Rua Professora Natália Vinhais,Rio Vermelho,Salvador,BA
41940500,5ª Travessa Manoel Rangel,Rio Vermelho,Salvador,BA
41940510,Alameda Caetité,Rio Vermelho,Salvador,BA
41940520,Alameda das Ágatas,Rio Vermelho,Salvador,BA
41940530,Alameda das Águas Marinhas,Rio Vermelho,Salvador,BA
41940540,Alameda das Esmeraldas,Rio Vermelho,Salvador,BA
41940550,Alameda das Opalas,Rio Vermelho,Salvador,BA
41940560,Rua Vieira Lopes,Rio Vermelho,Salvador,BA
41940570,Rua Ilhéus,Rio Vermelho,Salvador,BA
41940580,Rua Jequié,Rio Vermelho,Salvador,BA
41940590,Alameda das Safiras,Rio Vermelho,Salvador,BA
41940600,Rua Feira de Santana,Rio Vermelho,Salvador,BA
41940610,Rua Conquista,Rio Vermelho,Salvador,BA
41940620,Rua Alagoinhas,Rio Vermelho,Salvador,BA
41940630,Rua Irará,Rio Vermelho,Salvador,BA
41940640,Rua Remanso,Rio Vermelho,Salvador,BA
41940650,Rua Itabuna,Rio Vermelho,Salvador,BA
41940660,Rua Lucaia,Rio Vermelho,Salvador,BA
41940670,Rua Juazeiro,Rio Vermelho,Salvador,BA
41940680,Rua Camurugipe,Rio Vermelho,Salvador,BA
41940690,Rua Canavieiras,Rio Vermelho,Salvador,BA
41940700,Alameda das Turmalinas,Rio Vermelho,Salvador,BA
41940710,Alameda dos Diamantes,Rio Vermelho,Salvador,BA
41940720,Parque Cruz Aguiar,Rio Vermelho,Salvador,BA
41940725,Alameda dos Rubis,Rio Vermelho,Salvador,BA
41940730,Alameda dos Topázios,Rio Vermelho,Salvador,BA
41940750,Avenida Alto da Sereia,Rio Vermelho,Salvador,BA
41940760,Avenida Corte Grande,Rio Vermelho,Salvador,BA
41940770,Praça Osvaldo Cruz,Rio Vermelho,Salvador,BA
41940780,Avenida Kátia,Rio Vermelho,Salvador,BA
41940790,Avenida Manoel Rangel,Rio Vermelho,Salvador,BA
41940800,Avenida Mendes,Rio Vermelho,Salvador,BA
41940810,Avenida Merice,Rio Vermelho,Salvador,BA
41940820,Avenida Pedro,Rio Vermelho,Salvador,BA
41940830,Avenida Romão,Rio Vermelho,Salvador,BA
41940840,Avenida Vila Matos,Rio Vermelho,Salvador,BA
41940850,Ladeira do Eco,Rio Vermelho,Salvador,BA
41940860,Praça Carlos Batalha,Rio Vermelho,Salvador,BA
41940870,Praça da Santa Cruz,Rio Vermelho,Salvador,BA
41940880,Praça Marechal Aristóteles de Souza Dantas,Rio Vermelho,Salvador,BA
41940890,Praça São Benedito,Rio Vermelho,Salvador,BA
41941040,Rua Ary Pereira de Oliveira,Rio Vermelho,Salvador,BA
41941050,Vila Nanã,Rio Vermelho,Salvador,BA
41950000,Avenida Oceânica,Rio Vermelho,Salvador,BA
41950010,Rua da Paciência,Rio Vermelho,Salvador,BA
41950020,Rua Pedra da Sereia,Rio Vermelho,Salvador,BA
41950030,Travessa Prudente de Moraes,Rio Vermelho,Salvador,BA
41950050,Rua Pinto Machado,Rio Vermelho,Salvador,BA
41950060,Rua Alto da Sereia,Rio Vermelho,Salvador,BA
41950080,Rua Morro da Paciência,Rio Vermelho,Salvador,BA
41950090,Rua Almerinda Dutra,Rio Vermelho,Salvador,BA
41950100,Avenida dos Lusíadas,Rio Vermelho,Salvador,BA
41950130,Rua Casa Nova,Rio Vermelho,Salvador,BA
41950140,Rua Catargo,Rio Vermelho,Salvador,BA
41950150,Rua Coronel José Galdino de Souza,Rio Vermelho,Salvador,BA
41950160,Rua Alexandre de Gusmão,Rio Vermelho,Salvador,BA
41950176,Avenida Garibaldi,Rio Vermelho,Salvador,BA
41950180,Rua Teófilo Falcão,Rio Vermelho,Salvador,BA
41950200,Rua Capitão Aristeu,Rio Vermelho,Salvador,BA
41950210,Travessa Arquelano Pompílio de Abreu,Rio Vermelho,Salvador,BA
41950220,Rua Deputado Cunha Bueno,Rio Vermelho,Salvador,BA
41950240,Travessa Morais,Rio Vermelho,Salvador,BA
41950250,Rua Euricles de Matos,Rio Vermelho,Salvador,BA
41950260,Rua do Corte Grande,Rio Vermelho,Salvador,BA
41950261,1ª Travessa do Corte Grande,Rio Vermelho,Salvador,BA
41950270,Travessa Vila Matos,Rio Vermelho,Salvador,BA
41950275,Rua Ponciano Oliveira,Rio Vermelho,Salvador,BA
41950280,Ladeira Pinto Machado,Rio Vermelho,Salvador,BA
41950290,Rua Paulo Fontes,Rio Vermelho,Salvador,BA
41950310,Travessa Bartholomeu de Gusmão,Rio Vermelho,Salvador,BA
41950320,Travessa do Corte Grande,Rio Vermelho,Salvador,BA
41950330,Travessa Almirante Barroso,Rio Vermelho,Salvador,BA
41950340,Rua Odorico Odilon,Rio Vermelho,Salvador,BA
41950350,Rua Almirante Barroso,Rio Vermelho,Salvador,BA
41950370,Rua Conselheiro Antônio Seabra,Rio Vermelho,Salvador,BA
41950380,Rua Manoel Rangel,Rio Vermelho,Salvador,BA
41950390,Rua João Gonçalves Tourinho,Rio Vermelho,Salvador,BA
41950420,Rua Lídio Mesquita,Rio Vermelho,Salvador,BA
41950430,Rua Desdêmonas,Rio Vermelho,Salvador,BA
41950440,Rua do Eco,Rio Vermelho,Salvador,BA
41950450,Rua do Pinheiro,Rio Vermelho,Salvador,BA
41950460,Rua Ismael de Barros,Rio Vermelho,Salvador,BA
41950470,Rua Professor Francisco da Conceição Menezes,Rio Vermelho,Salvador,BA
41950480,Rua Professora Nilzete,Rio Vermelho,Salvador,BA
41950490,Rua Santa Ângela,Rio Vermelho,Salvador,BA
41950495,Avenida Cardeal da Silva,Rio Vermelho,Salvador,BA
41950500,Travessa André Luiz,Rio Vermelho,Salvador,BA
41950510,Travessa Assembléia de Deus,Rio Vermelho,Salvador,BA
41950520,Travessa Barão do Triunfo,Rio Vermelho,Salvador,BA
41950540,Travessa Eliete,Rio Vermelho,Salvador,BA
41950550,Travessa Eurycles de Mattos,Rio Vermelho,Salvador,BA
41950560,Travessa Garibaldi,Rio Vermelho,Salvador,BA
41950570,Travessa João Gonçalves Tourinho,Rio Vermelho,Salvador,BA
41950580,Travessa Kátia,Rio Vermelho,Salvador,BA
41950590,Travessa Leopoldino Tantu,Rio Vermelho,Salvador,BA
41950600,Rua Borges dos Reis,Rio Vermelho,Salvador,BA
41950610,Rua Conselheiro Pedro Luís,Rio Vermelho,Salvador,BA
41950620,Rua Guedes Cabral,Rio Vermelho,Salvador,BA
41950630,Rua Coronel José Galdino,Rio Vermelho,Salvador,BA
41950640,Rua João Gomes,Rio Vermelho,Salvador,BA
41950650,Largo de Santana,Rio Vermelho,Salvador,BA
41950660,Travessa Maragogipe,Rio Vermelho,Salvador,BA
41950670,Travessa Miguel Arcanjo de Santana,Rio Vermelho,Salvador,BA
41950690,Travessa Professora Nilzete,Rio Vermelho,Salvador,BA
41950700,Travessa Remanso,Rio Vermelho,Salvador,BA
41950710,Travessa Visconde de Cachoeira,Rio Vermelho,Salvador,BA
41950720,Vila Adriano,Rio Vermelho,Salvador,BA
41950730,Vila Corte Grande,Rio Vermelho,Salvador,BA
41950740,Vila Matos,Rio Vermelho,Salvador,BA
41950750,Avenida Langor,Rio Vermelho,Salvador,BA
41950760,Travessa Maria Rosa,Rio Vermelho,Salvador,BA
41950770,Rua General Aníbal,Rio Vermelho,Salvador,BA
41950780,Rua General Leônidas,Rio Vermelho,Salvador,BA
41950790,Rua Raimundo Viana,Rio Vermelho,Salvador,BA
41950800,Rua Temístocles,Rio Vermelho,Salvador,BA
41950810,Travessa Pedra da Sereia,Rio Vermelho,Salvador,BA
41950850,Rua Maestro Carlos Lacerda,Rio Vermelho,Salvador,BA
41950860,Travessa Alto de Ondina,Rio Vermelho,Salvador,BA
41950870,Rua Parque Primavera,Rio Vermelho,Salvador,BA
41950880,Rua Barão do Triunfo,Rio Vermelho,Salvador,BA
41950890,Avenida Rangel,Rio Vermelho,Salvador,BA
